ordinal,CAPITULO,Pos DOC,DOCUMENTO,Pos BIEN,BIEN,Articulo,Honorario,Detalle valor base
1,CAPITULO I - ACTOS Y CONTRATOS,1,COMPRAVENTA,1,BIEN INMUEBLE,1) I) a),3%,"Valor asignado por las partes o valor catastral, el mayor "
2,CAPITULO I - ACTOS Y CONTRATOS,1,COMPRAVENTA,2,BIEN MUEBLE,1) II) a),2%,Valor asignado por las partes
3,CAPITULO I - ACTOS Y CONTRATOS,1,COMPRAVENTA,3,ESTABLECIMIENTO COMERCIAL E INDUSTRIAL,1) I) a),3%,Valor asignado por las partes
4,CAPITULO I - ACTOS Y CONTRATOS,1,COMPRAVENTA,4,AERONAVE,1) I) a),3%,Valor asignado por las partes
5,CAPITULO I - ACTOS Y CONTRATOS,1,COMPRAVENTA,5,BUQUE,1) I) a),3%,Valor asignado por las partes
6,CAPITULO I - ACTOS Y CONTRATOS,2,PROMESA DE ENAJENACION,1,BIEN INMUEBLE,1) III),1.5%,"Valor asignado por las partes o valor catastral, el mayor "
7,CAPITULO I - ACTOS Y CONTRATOS,2,PROMESA DE ENAJENACION,2,BIEN MUEBLE,1) III),1.0%,Valor asignado por las partes
8,CAPITULO I - ACTOS Y CONTRATOS,2,PROMESA DE ENAJENACION,3,ESTABLECIMIENTO COMERCIAL E INDUSTRIAL,1) III),1.5%,Valor asignado por las partes
9,CAPITULO I - ACTOS Y CONTRATOS,2,PROMESA DE ENAJENACION,4,AERONAVE,1) III),1.5%,Valor asignado por las partes
10,CAPITULO I - ACTOS Y CONTRATOS,2,PROMESA DE ENAJENACION,5,BUQUE,1) III),1.5%,Valor asignado por las partes
11,CAPITULO I - ACTOS Y CONTRATOS,3,CESION DE PROMESA DE ENAJENACION,1,BIEN INMUEBLE,1) III),1.5%,"Valor asignado por las partes o valor catastral, el mayor "
12,CAPITULO I - ACTOS Y CONTRATOS,3,CESION DE PROMESA DE ENAJENACION,2,BIEN MUEBLE,1) III),1.0%,Valor asignado por las partes
13,CAPITULO I - ACTOS Y CONTRATOS,3,CESION DE PROMESA DE ENAJENACION,3,ESTABLECIMIENTO COMERCIAL E INDUSTRIAL,1) III),1.5%,Valor asignado por las partes
14,CAPITULO I - ACTOS Y CONTRATOS,3,CESION DE PROMESA DE ENAJENACION,4,AERONAVE,1) III),1.5%,Valor asignado por las partes
15,CAPITULO I - ACTOS Y CONTRATOS,3,CESION DE PROMESA DE ENAJENACION,5,BUQUE,1) III),1.5%,Valor asignado por las partes
16,CAPITULO I - ACTOS Y CONTRATOS,4,DACION EN PAGO,1,BIEN INMUEBLE,1) I) a),3%,"Valor asignado por las partes o valor catastral, el mayor "
17,CAPITULO I - ACTOS Y CONTRATOS,4,DACION EN PAGO,2,BIEN MUEBLE,1) II) a),2%,Valor asignado por las partes
18,CAPITULO I - ACTOS Y CONTRATOS,4,DACION EN PAGO,3,ESTABLECIMIENTO COMERCIAL E INDUSTRIAL,1) I) a),3%,Valor asignado por las partes
19,CAPITULO I - ACTOS Y CONTRATOS,4,DACION EN PAGO,4,AERONAVE,1) I) a),3%,Valor asignado por las partes
20,CAPITULO I - ACTOS Y CONTRATOS,4,DACION EN PAGO,5,BUQUE,1) I) a),3%,Valor asignado por las partes
21,CAPITULO I - ACTOS Y CONTRATOS,5,DONACION,1,BIEN INMUEBLE,1) I) a),3%,"Valor asignado por las partes o valor catastral, el mayor "
22,CAPITULO I - ACTOS Y CONTRATOS,5,DONACION,2,BIEN MUEBLE,1) II) a),2%,Valor asignado por las partes
23,CAPITULO I - ACTOS Y CONTRATOS,5,DONACION,3,ESTABLECIMIENTO COMERCIAL E INDUSTRIAL,1) I) a),3%,Valor asignado por las partes
24,CAPITULO I - ACTOS Y CONTRATOS,5,DONACION,4,AERONAVE,1) I) a),3%,Valor asignado por las partes
25,CAPITULO I - ACTOS Y CONTRATOS,5,DONACION,5,BUQUE,1) I) a),3%,Valor asignado por las partes
26,CAPITULO I - ACTOS Y CONTRATOS,6,PERMUTA,1,BIEN INMUEBLE,1) I) a),3%,"Valor asignado por las partes o valor catastral, el mayor "
27,CAPITULO I - ACTOS Y CONTRATOS,6,PERMUTA,2,BIEN MUEBLE,1) II) a),2%,Valor asignado por las partes
28,CAPITULO I - ACTOS Y CONTRATOS,6,PERMUTA,3,ESTABLECIMIENTO COMERCIAL E INDUSTRIAL,1) I) a),3%,Valor asignado por las partes
29,CAPITULO I - ACTOS Y CONTRATOS,6,PERMUTA,4,AERONAVE,1) I) a),3%,Valor asignado por las partes
30,CAPITULO I - ACTOS Y CONTRATOS,6,PERMUTA,5,BUQUE,1) I) a),3%,Valor asignado por las partes
31,CAPITULO I - ACTOS Y CONTRATOS,7,RENTA VITALICIA,1,BIEN INMUEBLE,1) I) a),3%,"Valor asignado por las partes o valor catastral, el mayor "
32,CAPITULO I - ACTOS Y CONTRATOS,7,RENTA VITALICIA,2,BIEN MUEBLE,1) II) a),2%,Valor asignado por las partes
33,CAPITULO I - ACTOS Y CONTRATOS,7,RENTA VITALICIA,3,ESTABLECIMIENTO COMERCIAL E INDUSTRIAL,1) I) a),3%,Valor asignado por las partes
34,CAPITULO I - ACTOS Y CONTRATOS,7,RENTA VITALICIA,4,AERONAVE,1) I) a),3%,Valor asignado por las partes
35,CAPITULO I - ACTOS Y CONTRATOS,7,RENTA VITALICIA,5,BUQUE,1) I) a),3%,Valor asignado por las partes
36,CAPITULO I - ACTOS Y CONTRATOS,8,"HIPOTECA (ADEUDO, PRESTAMO O CREDITO)",1,BIEN INMUEBLE,1) I) b),3%,"Valor asignado por las partes o valor catastral, el mayor "
37,CAPITULO I - ACTOS Y CONTRATOS,8,"HIPOTECA (ADEUDO, PRESTAMO O CREDITO)",3,ESTABLECIMIENTO COMERCIAL E INDUSTRIAL,1) I) b),3%,Valor asignado por las partes
38,CAPITULO I - ACTOS Y CONTRATOS,8,"HIPOTECA (ADEUDO, PRESTAMO O CREDITO)",4,AERONAVE,1) I) b),3%,Valor asignado por las partes
39,CAPITULO I - ACTOS Y CONTRATOS,8,"HIPOTECA (ADEUDO, PRESTAMO O CREDITO)",5,BUQUE,1) I) b),3%,Valor asignado por las partes
40,CAPITULO I - ACTOS Y CONTRATOS,9,NOVACION DE OBLIGACIONES,1,BIEN INMUEBLE,1) I) c),3%,"Valor asignado por las partes o valor catastral, el mayor "
41,CAPITULO I - ACTOS Y CONTRATOS,9,NOVACION DE OBLIGACIONES,2,BIEN MUEBLE,1) II) c),2%,Valor asignado por las partes
42,CAPITULO I - ACTOS Y CONTRATOS,9,NOVACION DE OBLIGACIONES,3,ESTABLECIMIENTO COMERCIAL E INDUSTRIAL,1) I) c),3%,Valor asignado por las partes
43,CAPITULO I - ACTOS Y CONTRATOS,9,NOVACION DE OBLIGACIONES,4,AERONAVE,1) I) c),3%,Valor asignado por las partes
44,CAPITULO I - ACTOS Y CONTRATOS,9,NOVACION DE OBLIGACIONES,5,BUQUE,1) I) c),3%,Valor asignado por las partes
45,CAPITULO I - ACTOS Y CONTRATOS,10,FIDEICOMISO (CONSTITUCION),1,BIEN INMUEBLE,1) I) a),3%,"Valor asignado por las partes o valor catastral, el mayor "
46,CAPITULO I - ACTOS Y CONTRATOS,10,FIDEICOMISO (CONSTITUCION),2,BIEN MUEBLE,1) II) a),2%,Valor asignado por las partes
47,CAPITULO I - ACTOS Y CONTRATOS,10,FIDEICOMISO (CONSTITUCION),3,ESTABLECIMIENTO COMERCIAL E INDUSTRIAL,1) I) a),3%,Valor asignado por las partes
48,CAPITULO I - ACTOS Y CONTRATOS,10,FIDEICOMISO (CONSTITUCION),4,AERONAVE,1) I) a),3%,Valor asignado por las partes
49,CAPITULO I - ACTOS Y CONTRATOS,10,FIDEICOMISO (CONSTITUCION),5,BUQUE,1) I) a),3%,Valor asignado por las partes
50,CAPITULO I - ACTOS Y CONTRATOS,11,"FIDEICOMISO  (ADEUDO, PRESTAMO O CREDITO)",1,BIEN INMUEBLE,1) I) b),3%,"Valor asignado por las partes o valor catastral, el mayor "
51,CAPITULO I - ACTOS Y CONTRATOS,11,"FIDEICOMISO  (ADEUDO, PRESTAMO O CREDITO)",2,BIEN MUEBLE,1) II) b),2%,Valor asignado por las partes
52,CAPITULO I - ACTOS Y CONTRATOS,11,"FIDEICOMISO  (ADEUDO, PRESTAMO O CREDITO)",3,ESTABLECIMIENTO COMERCIAL E INDUSTRIAL,1) I) b),3%,Valor asignado por las partes
53,CAPITULO I - ACTOS Y CONTRATOS,11,"FIDEICOMISO  (ADEUDO, PRESTAMO O CREDITO)",4,AERONAVE,1) I) b),3%,Valor asignado por las partes
54,CAPITULO I - ACTOS Y CONTRATOS,11,"FIDEICOMISO  (ADEUDO, PRESTAMO O CREDITO)",5,BUQUE,1) I) b),3%,Valor asignado por las partes
55,CAPITULO I - ACTOS Y CONTRATOS,12,CESION DE DERECHOS,1,BIEN INMUEBLE,1) I) a),3%,"Valor asignado por las partes o valor catastral, el mayor "
56,CAPITULO I - ACTOS Y CONTRATOS,12,CESION DE DERECHOS,2,BIEN MUEBLE,1) II) a),2%,Valor asignado por las partes
57,CAPITULO I - ACTOS Y CONTRATOS,12,CESION DE DERECHOS,3,ESTABLECIMIENTO COMERCIAL E INDUSTRIAL,1) I) a),3%,Valor asignado por las partes
58,CAPITULO I - ACTOS Y CONTRATOS,12,CESION DE DERECHOS,4,AERONAVE,1) I) a),3%,Valor asignado por las partes
59,CAPITULO I - ACTOS Y CONTRATOS,12,CESION DE DERECHOS,5,BUQUE,1) I) a),3%,Valor asignado por las partes
60,CAPITULO I - ACTOS Y CONTRATOS,13,CENSO,1,BIEN INMUEBLE,1) I) b),3%,"Valor asignado por las partes o valor catastral, el mayor "
61,CAPITULO I - ACTOS Y CONTRATOS,13,CENSO,3,ESTABLECIMIENTO COMERCIAL E INDUSTRIAL,1) I) b),3%,Valor asignado por las partes
62,CAPITULO I - ACTOS Y CONTRATOS,13,CENSO,4,AERONAVE,1) I) b),3%,Valor asignado por las partes
63,CAPITULO I - ACTOS Y CONTRATOS,13,CENSO,5,BUQUE,1) I) b),3%,Valor asignado por las partes
64,CAPITULO I - ACTOS Y CONTRATOS,14,DECLARATORIA ATRIBUYA DOMINIO A TERCEROS,1,BIEN INMUEBLE,1) I) a),3%,"Valor asignado por las partes o valor catastral, el mayor "
65,CAPITULO I - ACTOS Y CONTRATOS,14,DECLARATORIA ATRIBUYA DOMINIO A TERCEROS,2,BIEN MUEBLE,1) II) a),2%,Valor asignado por las partes
66,CAPITULO I - ACTOS Y CONTRATOS,14,DECLARATORIA ATRIBUYA DOMINIO A TERCEROS,3,ESTABLECIMIENTO COMERCIAL E INDUSTRIAL,1) I) a),3%,Valor asignado por las partes
67,CAPITULO I - ACTOS Y CONTRATOS,14,DECLARATORIA ATRIBUYA DOMINIO A TERCEROS,4,AERONAVE,1) I) a),3%,Valor asignado por las partes
68,CAPITULO I - ACTOS Y CONTRATOS,14,DECLARATORIA ATRIBUYA DOMINIO A TERCEROS,5,BUQUE,1) I) a),3%,Valor asignado por las partes
69,CAPITULO I - ACTOS Y CONTRATOS,15,GRAVAMEN O AFECTACION,1,BIEN INMUEBLE,1) I) b),3%,"Valor asignado por las partes o valor catastral, el mayor "
70,CAPITULO I - ACTOS Y CONTRATOS,15,GRAVAMEN O AFECTACION,2,BIEN MUEBLE,1) II) b),2%,Valor asignado por las partes
71,CAPITULO I - ACTOS Y CONTRATOS,15,GRAVAMEN O AFECTACION,3,ESTABLECIMIENTO COMERCIAL E INDUSTRIAL,1) I) b),3%,Valor asignado por las partes
72,CAPITULO I - ACTOS Y CONTRATOS,15,GRAVAMEN O AFECTACION,4,AERONAVE,1) I) b),3%,Valor asignado por las partes
73,CAPITULO I - ACTOS Y CONTRATOS,15,GRAVAMEN O AFECTACION,5,BUQUE,1) I) b),3%,Valor asignado por las partes
74,CAPITULO I - ACTOS Y CONTRATOS,16,REFUERZO DE GARANTIA,1,BIEN INMUEBLE,1) I) c),3%,"Valor asignado por las partes o valor catastral, el mayor "
75,CAPITULO I - ACTOS Y CONTRATOS,16,REFUERZO DE GARANTIA ,2,BIEN MUEBLE,1) II) c),2%,Valor asignado por las partes
76,CAPITULO I - ACTOS Y CONTRATOS,16,REFUERZO DE GARANTIA,3,ESTABLECIMIENTO COMERCIAL E INDUSTRIAL,1) I) c),3%,Valor asignado por las partes
77,CAPITULO I - ACTOS Y CONTRATOS,16,REFUERZO DE GARANTIA,4,AERONAVE,1) I) c),3%,Valor asignado por las partes
78,CAPITULO I - ACTOS Y CONTRATOS,16,REFUERZO DE GARANTIA,5,BUQUE,1) I) c),3%,Valor asignado por las partes
79,CAPITULO I - ACTOS Y CONTRATOS,17,SUSTITUCION  DE GARANTIA,1,BIEN INMUEBLE,1) I) c),3%,"Valor asignado por las partes o valor catastral, el mayor "
80,CAPITULO I - ACTOS Y CONTRATOS,17,SUSTITUCION  DE GARANTIA,2,BIEN MUEBLE,1) II) c),2%,Valor asignado por las partes
81,CAPITULO I - ACTOS Y CONTRATOS,17,SUSTITUCION  DE GARANTIA,3,ESTABLECIMIENTO COMERCIAL E INDUSTRIAL,1) I) c),3%,Valor asignado por las partes
82,CAPITULO I - ACTOS Y CONTRATOS,17,SUSTITUCION  DE GARANTIA,4,AERONAVE,1) I) c),3%,Valor asignado por las partes
83,CAPITULO I - ACTOS Y CONTRATOS,17,SUSTITUCION  DE GARANTIA,5,BUQUE,1) I) c),3%,Valor asignado por las partes
84,CAPITULO I - ACTOS Y CONTRATOS,18,TITULO HABIL PARA ADQUIRIR,1,BIEN INMUEBLE,1) I) a),3%,"Valor asignado por las partes o valor catastral, el mayor "
85,CAPITULO I - ACTOS Y CONTRATOS,18,TITULO HABIL PARA ADQUIRIR,2,BIEN MUEBLE,1) II) a),2%,Valor asignado por las partes
86,CAPITULO I - ACTOS Y CONTRATOS,18,TITULO HABIL PARA ADQUIRIR,3,ESTABLECIMIENTO COMERCIAL E INDUSTRIAL,1) I) a),3%,Valor asignado por las partes
87,CAPITULO I - ACTOS Y CONTRATOS,18,TITULO HABIL PARA ADQUIRIR,4,AERONAVE,1) I) a),3%,Valor asignado por las partes
88,CAPITULO I - ACTOS Y CONTRATOS,18,TITULO HABIL PARA ADQUIRIR,5,BUQUE,1) I) a),3%,Valor asignado por las partes
89,CAPITULO I - ACTOS Y CONTRATOS,19,TRANSACCION,1,BIEN INMUEBLE,1) I) a),3%,"Valor asignado por las partes o valor catastral, el mayor "
90,CAPITULO I - ACTOS Y CONTRATOS,19,TRANSACCION,2,BIEN MUEBLE,1) II) a),2%,Valor asignado por las partes
91,CAPITULO I - ACTOS Y CONTRATOS,19,TRANSACCION,3,ESTABLECIMIENTO COMERCIAL E INDUSTRIAL,1) I) a),3%,Valor asignado por las partes
92,CAPITULO I - ACTOS Y CONTRATOS,19,TRANSACCION,4,AERONAVE,1) I) a),3%,Valor asignado por las partes
93,CAPITULO I - ACTOS Y CONTRATOS,19,TRANSACCION,5,BUQUE,1) I) a),3%,Valor asignado por las partes
94,CAPITULO I - ACTOS Y CONTRATOS,20,USO (DERECHO REAL),1,BIEN INMUEBLE,1) I) a),3%,"Valor asignado por las partes o valor catastral, el mayor "
95,CAPITULO I - ACTOS Y CONTRATOS,20,USO (DERECHO REAL),2,BIEN MUEBLE,1) II) a),2%,Valor asignado por las partes
96,CAPITULO I - ACTOS Y CONTRATOS,20,USO (DERECHO REAL),3,ESTABLECIMIENTO COMERCIAL E INDUSTRIAL,1) I) a),3%,Valor asignado por las partes
97,CAPITULO I - ACTOS Y CONTRATOS,20,USO (DERECHO REAL),4,AERONAVE,1) I) a),3%,Valor asignado por las partes
98,CAPITULO I - ACTOS Y CONTRATOS,20,USO (DERECHO REAL),5,BUQUE,1) I) a),3%,Valor asignado por las partes
99,CAPITULO I - ACTOS Y CONTRATOS,21,USUFRUCTO (DERECHO REAL),1,BIEN INMUEBLE,1) I) a),3%,"Valor asignado por las partes o valor catastral, el mayor "
100,CAPITULO I - ACTOS Y CONTRATOS,21,USUFRUCTO (DERECHO REAL),2,BIEN MUEBLE,1) II) a),2%,Valor asignado por las partes
101,CAPITULO I - ACTOS Y CONTRATOS,21,USUFRUCTO (DERECHO REAL),3,ESTABLECIMIENTO COMERCIAL E INDUSTRIAL,1) I) a),3%,Valor asignado por las partes
102,CAPITULO I - ACTOS Y CONTRATOS,21,USUFRUCTO (DERECHO REAL),4,AERONAVE,1) I) a),3%,Valor asignado por las partes
103,CAPITULO I - ACTOS Y CONTRATOS,21,USUFRUCTO (DERECHO REAL),5,BUQUE,1) I) a),3%,Valor asignado por las partes
104,CAPITULO I - ACTOS Y CONTRATOS,22,SERVIDUMBRE (DERECHO REAL),1,BIEN INMUEBLE,1) I) a),3%,"Valor asignado por las partes o valor catastral, el mayor "
105,CAPITULO I - ACTOS Y CONTRATOS,23,"ANTICRESIS  (ADEUDO, PRESTAMO O CREDITO)",1,BIEN INMUEBLE,1) I) b),3%,"Valor asignado por las partes o valor catastral, el mayor "
106,CAPITULO I - ACTOS Y CONTRATOS,23,"ANTICRESIS  (ADEUDO, PRESTAMO O CREDITO)",3,ESTABLECIMIENTO COMERCIAL E INDUSTRIAL,1) I) b),3%,Valor asignado por las partes
107,CAPITULO I - ACTOS Y CONTRATOS,23,"ANTICRESIS  (ADEUDO, PRESTAMO O CREDITO)",4,AERONAVE,1) I) b),3%,Valor asignado por las partes
108,CAPITULO I - ACTOS Y CONTRATOS,23,"ANTICRESIS  (ADEUDO, PRESTAMO O CREDITO)",5,BUQUE,1) I) b),3%,Valor asignado por las partes
109,CAPITULO I - ACTOS Y CONTRATOS,24,"SOCIEDAD CONSTITUCION excepto art. 7 literales A, B y E",,,1) I) e),3%,Capital Social
110,CAPITULO I - ACTOS Y CONTRATOS,25,SOCIEDAD ESCISION,,,1) I) e),3%,Capital Social
111,CAPITULO I - ACTOS Y CONTRATOS,26,SOCIEDAD FUSION,,,1) I) e),3%,Capital Social
112,CAPITULO I - ACTOS Y CONTRATOS,27,SOCIEDAD MODIFICACION AUMENTO DE CAPITAL,,,1) I) j),3%,Aumento de capital
113,CAPITULO I - ACTOS Y CONTRATOS,28,SOCIEDAD MODIFICACION QUE NO IMPLIQUE AUMENTO DE CAPITAL,,,2) j),12 UR semestral,
114,CAPITULO I - ACTOS Y CONTRATOS,29,SOCIEDAD REGULARIZACION,,,1) I) e),3%,Capital Social
115,CAPITULO I - ACTOS Y CONTRATOS,30,SOCIEDAD TRANSFORMACION,,,1) I) e),3%,Capital Social
116,CAPITULO I - ACTOS Y CONTRATOS,31,"SOCIEDAD TRANSMISION PARTES, CUOTAS, ACCIONES",,,1) I) f),3%,Valor asignado por las partes
117,CAPITULO I - ACTOS Y CONTRATOS,32,SOCIEDAD DISOLUCION Y CAMBIO DE REGIMEN,,,2) i),12 UR semestral,
118,CAPITULO I - ACTOS Y CONTRATOS,33,"FIANZA  (ADEUDO, PRESTAMO O CREDITO)",2,BIEN MUEBLE,1) II) b),2%,Valor asignado por las partes
119,CAPITULO I - ACTOS Y CONTRATOS,34,FIANZA (SIN MONTO),,,2) k),12 UR semestral,
120,CAPITULO I - ACTOS Y CONTRATOS,35,FIANZA SUSTITUCION,,,2) k),12 UR semestral,
121,CAPITULO I - ACTOS Y CONTRATOS,36,MANDATOS EXCLUSIVAMENTE MOTOS Y CICLOMOTORES,,,2) f),3 UR semestral,
122,CAPITULO I - ACTOS Y CONTRATOS,37,MANDATOS EXCLUSIVAMENTE VEHICULOS AUTOMOTORES,,,2) f),4 UR semestral,
123,CAPITULO I - ACTOS Y CONTRATOS,38,MANDATOS GENERALES Y ESPECIALES,,,2) f),12 UR semestral,
124,CAPITULO I - ACTOS Y CONTRATOS,39,MANDATOS GENERALES Y ESPECIALES (EXTINCION),,,2) f),12 UR semestral,
125,CAPITULO I - ACTOS Y CONTRATOS,40,MANDATOS GENERALES Y ESPECIALES (MODIFICACION),,,2) f),12 UR semestral,
126,CAPITULO I - ACTOS Y CONTRATOS,41,MANDATOS GENERALES Y ESPECIALES (SUSTITUTICION),,,2) f),12 UR semestral,
127,CAPITULO I - ACTOS Y CONTRATOS,42,ACEPTACIÓN DE DONACIÓN,,,2) d),12 UR semestral,
128,CAPITULO I - ACTOS Y CONTRATOS,43,ACEPTACIÓN DE HERENCIA,,,2) d),12 UR semestral,
129,CAPITULO I - ACTOS Y CONTRATOS,44,ACTAS DE CONSTITUCIÓN DE FUNDACIONES QUE SE OTORGUEN EN ESCRITURA PÚBLICA INDEPENDIENTE DE LOS ESTATUTOS,,,2) c),12 UR semestral,
130,CAPITULO I - ACTOS Y CONTRATOS,45,ADOPCIÓN,,,2) a),12 UR semestral,
131,CAPITULO I - ACTOS Y CONTRATOS,46,ARRENDAMIENTO DE INMUEBLES,1,BIEN INMUEBLE,1) II) d),2%,"Importe total de pagos periodico durante el plazo convenido, no menor a un año, con tope UR 500"
132,CAPITULO I - ACTOS Y CONTRATOS,47,COMODATO,,,2) c),12 UR semestral,
133,CAPITULO I - ACTOS Y CONTRATOS,48,COMPROMISO ARBITRAL,,,2) d),12 UR semestral,
134,CAPITULO I - ACTOS Y CONTRATOS,49,CONSENTIMIENTO PARA CONTRAER MATRIMONIO,,,2) a),12 UR semestral,
135,CAPITULO I - ACTOS Y CONTRATOS,50,CONSENTIMIENTO PARA OTORGAR CONVENCIÓN MATRIMONIAL,,,2) a),12 UR semestral,
136,CAPITULO I - ACTOS Y CONTRATOS,51,CONSTITUCIÓN DE BIEN DE FAMILIA,,,2) c),12 UR semestral,
137,CAPITULO I - ACTOS Y CONTRATOS,52,CONTRATO DE COMISIÓN,,,2) m),12 UR semestral,
138,CAPITULO I - ACTOS Y CONTRATOS,53,CONVENCIÓN MATRIMONIAL,,,2) b),12 UR semestral,
139,CAPITULO I - ACTOS Y CONTRATOS,54,CONVENIO ENTRE CÓNYUGES RESPECTO DE LA ADMINISTRACIÓN DE LOS BIENES DE SUS HIJOS Y NOTIFICACIÓN,,,2) a),12 UR semestral,
140,CAPITULO I - ACTOS Y CONTRATOS,55,DECLARATORIAS EN GENERAL,,,2) c),12 UR semestral,
141,CAPITULO I - ACTOS Y CONTRATOS,56,DECLARATORIAS Y RATIFICACIÓN DE SALIDA DEFINITIVA DEL DOMINIO MUNICIPAL ART. 1.º),,,2) c),12 UR semestral,
142,CAPITULO I - ACTOS Y CONTRATOS,57,DEPOSITO,,,2) c),12 UR semestral,
143,CAPITULO I - ACTOS Y CONTRATOS,58,"DISTRACTO, RESCISION Y RESOLUCION DE NEGOCIOS JURIDICOS EN GENERAL",,,2) l),12 UR semestral,
144,CAPITULO I - ACTOS Y CONTRATOS,59,DIVISION DE GRAVAMEN,,,2) e),12 UR semestral,
145,CAPITULO I - ACTOS Y CONTRATOS,60,ENAJENACION DE SOBRAS MUNICIPALES,1,BIEN INMUEBLE,1) I) a),3%,"Valor asignado por las partes o valor catastral, el mayor "
146,CAPITULO I - ACTOS Y CONTRATOS,61,ENTREGA DE LEGADO DE ESPECIE CIERTA Y DETERMINADA,,,2) b),12 UR semestral,
147,CAPITULO I - ACTOS Y CONTRATOS,62,ENTREGA DE LEGADO DE GENERO,,,1) I) g),3%,Valor asignado por las partes
148,CAPITULO I - ACTOS Y CONTRATOS,63,EXTINCION DE OBLIGACIONES,,,2) g),12 UR semestral,
149,CAPITULO I - ACTOS Y CONTRATOS,64,FACTORING,,,1) II) a),2%,Valor asignado por las partes
150,CAPITULO I - ACTOS Y CONTRATOS,65,FORMACION DE TITULO POR SEPARADO,,,2) e),12 UR semestral,
151,CAPITULO I - ACTOS Y CONTRATOS,66,HABITACION,,,2) d),12 UR semestral,
152,CAPITULO I - ACTOS Y CONTRATOS,67,IGUALA,,,2) d),12 UR semestral,
153,CAPITULO I - ACTOS Y CONTRATOS,68,LEASING,,,1) II) f),2%,"Importe total de pagos periodico durante el plazo convenido, no menor a un año"
154,CAPITULO I - ACTOS Y CONTRATOS,69,LEGITIMACION,,,2) a),12 UR semestral,
155,CAPITULO I - ACTOS Y CONTRATOS,70,LIBERACION DE GRAVAMEN,,,2) h),12 UR semestral,
156,CAPITULO I - ACTOS Y CONTRATOS,71,MODIFICACION CON AUMENTO DE PRECIO,,,1) I) j),3%,Aumento de precio
157,CAPITULO I - ACTOS Y CONTRATOS,72,MODIFICACION QUE NO IMPLIQUE AUMENTO DE CAPITAL O DE PRECIO,,,2) j),12 UR semestral,
158,CAPITULO I - ACTOS Y CONTRATOS,73,"NEGOCIO DE FIJACION POR EXTRAVIO, PERDIDA, ETC",,,2) n),12 UR semestral,
159,CAPITULO I - ACTOS Y CONTRATOS,74,"NEGOCIO DE FIJACION POR EXTRAVIO, PERDIDA, ETC. VEHICULOS AUTOMOTORES",,,2) n),4 UR semestral,
160,CAPITULO I - ACTOS Y CONTRATOS,75,NEGOCIO PRELIMINAR,,,2) ñ),12 UR semestral,
161,CAPITULO I - ACTOS Y CONTRATOS,76,PENSION ALIMENTICIA,,,2) c),12 UR semestral,
162,CAPITULO I - ACTOS Y CONTRATOS,77,"PRENDA (ADEUDO, PRESTAMO O CREDITO)",2,BIEN MUEBLE,1) II) b),2%,Valor asignado por las partes
163,CAPITULO I - ACTOS Y CONTRATOS,78,RATIFICACION (SE EXCEPTUAN LAS DECLARATORIAS POR LAS QUE SE ATRIBUYA EL DOMINIO A TERCEROS,,,2) c),12 UR semestral,
164,CAPITULO I - ACTOS Y CONTRATOS,79,RECONOCIMIENTO DE HIJO NATURAL,,,2) a),12 UR semestral,
165,CAPITULO I - ACTOS Y CONTRATOS,80,RENUNCIA DE DERECHOS,,,2) d),12 UR semestral,
166,CAPITULO I - ACTOS Y CONTRATOS,81,RENUNCIA DE PRIORIDAD DE INSCRIPCIONES,,,2) c),12 UR semestral,
167,CAPITULO I - ACTOS Y CONTRATOS,82,RENUNCIA DE USUFRUCTO,,,2) c),12 UR semestral,
168,CAPITULO I - ACTOS Y CONTRATOS,83,"RE-OTORGAMIENTO POR EXTRAVIO, PERDIDA, ETC",,,2) n),12 UR semestral,
169,CAPITULO I - ACTOS Y CONTRATOS,84,"RE-OTORGAMIENTO POR EXTRAVIO, PERDIDA, ETC. VEHICULOS AUTOMOTORES",,,2) n),4 UR semestral,
170,CAPITULO I - ACTOS Y CONTRATOS,85,REPUDIACION DE HERENCIA Y/O LEGADO,,,2) d),12 UR semestral,
171,CAPITULO I - ACTOS Y CONTRATOS,86,SINDICACION DE ACCIONES,,,2) c),12 UR semestral,
172,CAPITULO I - ACTOS Y CONTRATOS,87,SUBROGACIONES,,,1) I) h),3%,Valor asignado por las partes
173,CAPITULO I - ACTOS Y CONTRATOS,88,TESTAMENTO,,,3),12 UR semestral,
174,CAPITULO I - ACTOS Y CONTRATOS,89,TRANSACCION CUANDO NO SEA SUSCEPTIBLE DE ESTIMACION,,,2) b),12 UR semestral,
175,CAPITULO I - ACTOS Y CONTRATOS,90,USUARIOS DE ZONA FRANCA,,,1) II) f),2%,"Importe total de pagos periodico durante el plazo convenido, no menor a un año, con tope UR 500"
176,CAPITULO I - ACTOS Y CONTRATOS,91,"WARRANT (ADEUDO, PRESTAMO O CREDITO)",2,BIEN MUEBLE,1) II) b),2%,Valor asignado por las partes