1,"0,9433 9623"
2,"0,8899 9644"
3,"0,8396 1928"
4,"0,7920 9366"
5,"0,7472 5817"
6,"0,7049 6054"
7,"0,6650 5711"
8,"0,6274 1237"
9,"0,5918 9846"
10,"0,5583 9478"
11,"0,5267 8753"
12,"0,4969 6936"
13,"0,4688 3902"
14,"0,4423 0096"
15,"0,4172 6506"
16,"0,3936 4628"
17,"0,3713 6442"
18,"0,3503 4379"
19,"0,3305 1301"
20,"0,3118 0473"
21,"0,2941 5540"
22,"0,2775 0510"
23,"0,2617 9726"
24,"0,2469 7855"
25,"0,2329 9863"
26,"0,2198 1003"
27,"0,2073 6795"
28,"0,1956 3014"
29,"0,1845 5674"
30,"0,1741 1013"
31,"0,1642 5484"
32,"0,1549 5740"
33,"0,1461 8622"
34,"0,1379 1153"
35,"0,1301 0522"
36,"0,1227 4077"
37,"0,1157 9318"
38,"0,1092 3885"
39,"0,1030 5552"
40,"0,0972 2219"
41,"0,0917 1905"
42,"0,0865 2740"
43,"0,0816 2962"
44,"0,0770 0908"
45,"0,0726 5007"
46,"0,0685 3781"
47,"0,0646 5831"
48,"0,0609 9840"
49,"0,0575 4566"
50,"0,0542 8836"
51,"0,0512 1544"
52,"0,0483 1645"
53,"0,0455 8156"
54,"0,0430 0147"
55,"0,0405 6742"
56,"0,0382 7115"
57,"0,0361 0486"
58,"0,0340 6119"
59,"0,0321 3320"
60,"0,0303 1434"
61,"0,0285 9843"
62,"0,0269 7965"
63,"0,0254 5250"
64,"0,0240 1179"
65,"0,0226 5264"
66,"0,0213 7041"
67,"0,0201 6077"
68,"0,0190 1959"
69,"0,0179 4301"
70,"0,0169 2737"